{
  "main": {
    "id": "3f981d51bddb2032",
    "type": "split",
    "children": [
      {
        "id": "26ebef405bc301cf",
        "type": "tabs",
        "children": [
          {
            "id": "a95286f1b2f4e6c3",
            "type": "leaf",
            "state": {
              "type": "markdown",
              "state": {
                "file": "Python/Enumeracion Subdominios.md",
                "mode": "preview",
                "source": false
              }
            }
          }
        ]
      }
    ],
    "direction": "vertical"
  },
  "left": {
    "id": "5f189da69ee92824",
    "type": "split",
    "children": [
      {
        "id": "126662b9e29d1333",
        "type": "tabs",
        "children": [
          {
            "id": "71f5bfb68e375271",
            "type": "leaf",
            "state": {
              "type": "file-explorer",
              "state": {
                "sortOrder": "alphabetical"
              }
            }
          },
          {
            "id": "295378e9745b4e66",
            "type": "leaf",
            "state": {
              "type": "bookmarks",
              "state": {}
            }
          },
          {
            "id": "59ddca7694bf5940",
            "type": "leaf",
            "state": {
              "type": "search",
              "state": {
                "query": "",
                "matchingCase": true,
                "explainSearch": true,
                "collapseAll": false,
                "extraContext": true,
                "sortOrder": "byModifiedTime"
              }
            }
          }
        ]
      }
    ],
    "direction": "horizontal",
    "width": 396.5
  },
  "right": {
    "id": "f1668b55d3a63c53",
    "type": "split",
    "children": [
      {
        "id": "1cf9da4ee534bbd0",
        "type": "tabs",
        "children": [
          {
            "id": "76f686de650afae1",
            "type": "leaf",
            "state": {
              "type": "backlink",
              "state": {
                "file": "Python/Enumeracion Subdominios.md",
                "collapseAll": false,
                "extraContext": false,
                "sortOrder": "alphabetical",
                "showSearch": false,
                "searchQuery": "",
                "backlinkCollapsed": false,
                "unlinkedCollapsed": false
              }
            }
          },
          {
            "id": "ed282e8dff454ded",
            "type": "leaf",
            "state": {
              "type": "outgoing-link",
              "state": {
                "file": "Python/Enumeracion Subdominios.md",
                "linksCollapsed": false,
                "unlinkedCollapsed": true
              }
            }
          },
          {
            "id": "08e83404768737ec",
            "type": "leaf",
            "state": {
              "type": "tag",
              "state": {
                "sortOrder": "frequency",
                "useHierarchy": true
              }
            }
          },
          {
            "id": "852317c5430d9b1c",
            "type": "leaf",
            "state": {
              "type": "outline",
              "state": {
                "file": "Python/Enumeracion Subdominios.md"
              }
            }
          },
          {
            "id": "8678e1e45d7a73f7",
            "type": "leaf",
            "state": {
              "type": "all-properties",
              "state": {
                "sortOrder": "frequency",
                "showSearch": false,
                "searchQuery": ""
              }
            }
          }
        ]
      }
    ],
    "direction": "horizontal",
    "width": 200,
    "collapsed": true
  },
  "left-ribbon": {
    "hiddenItems": {
      "switcher:Open quick switcher": false,
      "graph:Open graph view": false,
      "canvas:Create new canvas": false,
      "daily-notes:Open today's daily note": false,
      "templates:Insert template": false,
      "command-palette:Open command palette": false
    }
  },
  "active": "a95286f1b2f4e6c3",
  "lastOpenFiles": [
    "OWASP/External Entity (XXE).md",
    "OWASP/Client Side Template Inection (CSTI).md",
    "OWASP/Abuso APIS.md",
    "Python/Enumeracion Subdominios.md",
    "Puertos-Servicios/RPC - 111.md",
    "Puertos-Servicios/ProFTPD.md",
    "Puertos-Servicios/Posible Temario Web_V2.md",
    "SQLI/SQLI.md",
    "Python/Untitled.md",
    "Shell's/Forward Shell.md",
    "Pivoting/Pivoting Lab 1.md",
    "Shell's/ReverseShells One-Liners.md",
    "JornadaEstudio_2/Certification Cisco - Introduction to Cybersecurity.md",
    "Machines/All In One - Try Hack me.md",
    "Python",
    "JornadaEstudio_3/Modulo  1  - Introduction.md",
    "JornadaEstudio_3/Cybrary - AWS Certified Security-Specialty.md",
    "JornadaEstudio_3",
    "JornadaEstudio_1/Certification Cybray.md",
    "JornadaEstudio_1/Modulo 2 - Footprinting Concepts.md",
    "JornadaEstudio_1/Modulo 3 - Scanning Networks.md",
    "JornadaEstudio_1/Modulo 5 - Vulnerability Analysis.md",
    "JornadaEstudio_1/Modulo 10 - Dos - DDos.md",
    "JornadaEstudio_1/Modulo 6 - System Hacking.md",
    "Machines/Prime_2 - Vulnhub.md",
    "JornadaEstudio_2",
    "Machines/Kenobi - Try Hackme.md",
    "General/Awk.md",
    "JornadaEstudio_1/Modulo 15 - SQL Injection.md",
    "JornadaEstudio_1",
    "Bandit",
    "eJPTv2",
    "wallpaperbetter.com_1920x1080 (11).jpg",
    "_images/nmapCheatSheet.png",
    "Pasted image 20230929221026.png",
    "Pivoting",
    "General",
    "Tools - Software",
    "Puertos-Servicios",
    "_images/Pasted image 20230802010206.png",
    "Pasted image 20230802010108.png",
    "Untitled.canvas",
    "Untitled 1.canvas",
    "Pasted image 20230723214521.png",
    "Pasted image 20230723214515.png",
    "Pasted image 20230723214428.png",
    "_images/Pasted image 20230612162108.png",
    "_images/Pasted image 20230723213627.png"
  ]
}