{
  "main": {
    "id": "3f981d51bddb2032",
    "type": "split",
    "children": [
      {
        "id": "f7d473e2e1181044",
        "type": "tabs",
        "children": [
          {
            "id": "48e5c439964e6a9c",
            "type": "leaf",
            "state": {
              "type": "markdown",
              "state": {
                "file": "Bug_Bounty/Apuntes Intro.md",
                "mode": "source",
                "source": false
              },
              "icon": "lucide-file",
              "title": "Apuntes Intro"
            }
          }
        ]
      }
    ],
    "direction": "vertical"
  },
  "left": {
    "id": "5f189da69ee92824",
    "type": "split",
    "children": [
      {
        "id": "126662b9e29d1333",
        "type": "tabs",
        "children": [
          {
            "id": "71f5bfb68e375271",
            "type": "leaf",
            "state": {
              "type": "file-explorer",
              "state": {
                "sortOrder": "alphabetical",
                "autoReveal": false
              },
              "icon": "lucide-folder-closed",
              "title": "Files"
            }
          },
          {
            "id": "295378e9745b4e66",
            "type": "leaf",
            "state": {
              "type": "bookmarks",
              "state": {},
              "icon": "lucide-bookmark",
              "title": "Bookmarks"
            }
          },
          {
            "id": "59ddca7694bf5940",
            "type": "leaf",
            "state": {
              "type": "search",
              "state": {
                "query": "",
                "matchingCase": false,
                "explainSearch": false,
                "collapseAll": false,
                "extraContext": false,
                "sortOrder": "alphabetical"
              },
              "icon": "lucide-search",
              "title": "Search"
            }
          }
        ]
      }
    ],
    "direction": "horizontal",
    "width": 349.5
  },
  "right": {
    "id": "f1668b55d3a63c53",
    "type": "split",
    "children": [
      {
        "id": "1cf9da4ee534bbd0",
        "type": "tabs",
        "children": [
          {
            "id": "76f686de650afae1",
            "type": "leaf",
            "state": {
              "type": "backlink",
              "state": {
                "file": "Bug_Bounty/METODOLOGIA BUG BOUNTY 2025.md",
                "collapseAll": false,
                "extraContext": false,
                "sortOrder": "alphabetical",
                "showSearch": false,
                "searchQuery": "",
                "backlinkCollapsed": false,
                "unlinkedCollapsed": false
              },
              "icon": "links-coming-in",
              "title": "Backlinks for METODOLOGIA BUG BOUNTY 2025"
            }
          },
          {
            "id": "ed282e8dff454ded",
            "type": "leaf",
            "state": {
              "type": "outgoing-link",
              "state": {
                "file": "Active_Directory_AD/Writeup/Cicada - HackTheBox.md",
                "linksCollapsed": false,
                "unlinkedCollapsed": true
              },
              "icon": "links-going-out",
              "title": "Outgoing links from Cicada - HackTheBox"
            }
          },
          {
            "id": "08e83404768737ec",
            "type": "leaf",
            "state": {
              "type": "tag",
              "state": {
                "sortOrder": "frequency",
                "useHierarchy": true
              },
              "icon": "lucide-tags",
              "title": "Tags"
            }
          },
          {
            "id": "852317c5430d9b1c",
            "type": "leaf",
            "state": {
              "type": "outline",
              "state": {
                "file": "Active_Directory_AD/Writeup/Cicada - HackTheBox.md"
              },
              "icon": "lucide-list",
              "title": "Outline of Cicada - HackTheBox"
            }
          },
          {
            "id": "8678e1e45d7a73f7",
            "type": "leaf",
            "state": {
              "type": "all-properties",
              "state": {
                "sortOrder": "frequency",
                "showSearch": false,
                "searchQuery": ""
              },
              "icon": "lucide-archive",
              "title": "All properties"
            }
          }
        ]
      }
    ],
    "direction": "horizontal",
    "width": 200,
    "collapsed": true
  },
  "left-ribbon": {
    "hiddenItems": {
      "bases:Create new base": false,
      "switcher:Open quick switcher": false,
      "graph:Open graph view": false,
      "canvas:Create new canvas": false,
      "daily-notes:Open today's daily note": false,
      "templates:Insert template": false,
      "command-palette:Open command palette": false
    }
  },
  "active": "71f5bfb68e375271",
  "lastOpenFiles": [
    "Pivoting/Chisel.md",
    "eJPTv2/Preparacion eJPT/Burpsuite.md",
    "eJPTv2/Preparacion eJPT/Conceptos Basico de Redes.md",
    "eJPTv2/Preparacion eJPT/Conceptos Basicos de Hacking.md",
    "eJPTv2/Preparacion eJPT/Cracking Password.md",
    "eJPTv2/Preparacion eJPT/DNS - Puerto 53.md",
    "eJPTv2/Preparacion eJPT/Explotación vsftpd en Linux.md",
    "eJPTv2/Preparacion eJPT/Fuerza Bruta Metasploit.md",
    "eJPTv2/Preparacion eJPT/Fuzzing.md",
    "eJPTv2/Preparacion eJPT/Hydra - Panel.md",
    "eJPTv2/Preparacion eJPT/Msfvenom.md",
    "eJPTv2/Preparacion eJPT/Preparacion de Laboratorios.md",
    "eJPTv2/Recursos/Windows - Meterpreter.md",
    "eJPTv2/Recursos/Ver mas Tarde.md",
    "eJPTv2/Recursos/SMTP - 25.md",
    "eJPTv2/Recursos/Scan.md",
    "eJPTv2/Recursos/RPC Client.md",
    "eJPTv2/Recursos/Pivoting eJPT.md",
    "eJPTv2/Recursos/Metasploit.md",
    "eJPTv2/Recursos/Dirbuster.md",
    "eJPTv2/Recursos/0 - TIPS.md",
    "JornadaEstudio_3/Modulo  1  - Introduction.md",
    "JornadaEstudio_3/Cybrary - AWS Certified Security-Specialty.md",
    "JornadaEstudio_2/Certification Cisco - Introduction to Cybersecurity.md",
    "JornadaEstudio_1/Modulo 4 - Enumeration.md",
    "Bug_Bounty/METODOLOGIA BUG BOUNTY 2025.md",
    "PortSwigger Labs",
    "_images/Pasted image 20250623183006.png",
    "_images/Pasted image 20250621110054.png",
    "_images/Pasted image 20250517034045.png",
    "eJPTv2/Preparacion eJPT",
    "_images/Pasted image 20240425182944.png",
    "_images/Pasted image 20230802010206.png",
    "_images/Pasted image 20230723213627.png",
    "_images/Pasted image 20230723213522.png",
    "_images/Pasted image 20230612162108.png",
    "_images/Pasted image 20250224223655.png",
    "_images/Pasted image 20250224220949.png",
    "eJPTv2/Recursos",
    "Daily",
    "Bug_Bounty",
    "Active_Directory_AD/Writeup",
    "Active_Directory_AD",
    "TO DO/Gestores Contenido/Joomla",
    "JornadaEstudio_4",
    "Python",
    "Untitled.canvas",
    "Untitled 1.canvas"
  ]
}